{
    "AFRO:NIGERIA:ABIA": -0.008188953848277558,
    "AFRO:NIGERIA:ADAMAWA": 0.029926046124722605,
    "AFRO:NIGERIA:ANAMBRA": 0.05968804609972267,
    "AFRO:NIGERIA:BAUCHI": 0.3096965473465977,
    "AFRO:NIGERIA:BAYELSA": -0.10664395388227732,
    "AFRO:NIGERIA:BORNO": -0.06493595230727722,
    "AFRO:NIGERIA:DELTA": -0.059946453790902354,
    "AFRO:NIGERIA:EDO": -0.02415745388540247,
    "AFRO:NIGERIA:EKITI": -0.07133745372290234,
    "AFRO:NIGERIA:ENUGU": -0.07926045386290226,
    "AFRO:NIGERIA:FCT_ABUJA": 0.05006754613709752,
    "AFRO:NIGERIA:GOMBE": 0.15062654629659755,
    "AFRO:NIGERIA:IMO": -0.004442953713277298,
    "AFRO:NIGERIA:JIGAWA": -0.11095495334227756,
    "AFRO:NIGERIA:KADUNA": -0.05949595334227742,
    "AFRO:NIGERIA:KANO": 0.24914654854659768,
    "AFRO:NIGERIA:KATSINA": 0.10702604798772264,
    "AFRO:NIGERIA:KEBBI": -0.021977453842902506,
    "AFRO:NIGERIA:KOGI": 0.0038085463845975998,
    "AFRO:NIGERIA:KWARA": -0.012172453255402393,
    "AFRO:NIGERIA:LAGOS": -0.10952995389727727,
    "AFRO:NIGERIA:NASARAWA": -0.05529645345340228,
    "AFRO:NIGERIA:NIGER": -0.011484953858277414,
    "AFRO:NIGERIA:OGUN": -0.025252953848277304,
    "AFRO:NIGERIA:OSUN": 0.07697154629659775,
    "AFRO:NIGERIA:OYO": -0.04689744532290241,
    "AFRO:NIGERIA:PLATEAU": -0.05523995188727737,
    "AFRO:NIGERIA:RIVERS": -0.026571953123277203,
    "AFRO:NIGERIA:SOKOTO": 0.11751904679972247,
    "AFRO:NIGERIA:TARABA": 0.05491254772109744,
    "AFRO:NIGERIA:YOBE": -0.08081345387140237,
    "AFRO:NIGERIA:ZAMFARA": -0.1747874536829025
}