{
    "AFRO:NIGERIA:ABIA": 0.42653179632752014,
    "AFRO:NIGERIA:ADAMAWA": -0.2668552895644458,
    "AFRO:NIGERIA:ANAMBRA": 0.8509615034010104,
    "AFRO:NIGERIA:BAUCHI": 0.10390478901322431,
    "AFRO:NIGERIA:BAYELSA": 0.5150691333628725,
    "AFRO:NIGERIA:BORNO": -0.7408484998957008,
    "AFRO:NIGERIA:DELTA": 0.8692301123308072,
    "AFRO:NIGERIA:EDO": 0.5368971858061349,
    "AFRO:NIGERIA:EKITI": 0.39164622873385424,
    "AFRO:NIGERIA:ENUGU": 0.2649877407379364,
    "AFRO:NIGERIA:FCT_ABUJA": 0.2772425190229415,
    "AFRO:NIGERIA:GOMBE": -0.4285343978467153,
    "AFRO:NIGERIA:IMO": 0.6952135048437204,
    "AFRO:NIGERIA:JIGAWA": -1.0592324287232795,
    "AFRO:NIGERIA:KADUNA": -0.46585763178406414,
    "AFRO:NIGERIA:KANO": 0.17238193996388262,
    "AFRO:NIGERIA:KATSINA": -0.19064568388205405,
    "AFRO:NIGERIA:KEBBI": -1.0202100827179532,
    "AFRO:NIGERIA:KOGI": -0.23493746990653386,
    "AFRO:NIGERIA:KWARA": -0.2394231416363941,
    "AFRO:NIGERIA:LAGOS": 0.04556182229167427,
    "AFRO:NIGERIA:NASARAWA": 0.11003161059586963,
    "AFRO:NIGERIA:NIGER": -0.19156929634957098,
    "AFRO:NIGERIA:OGUN": 0.6306963193888363,
    "AFRO:NIGERIA:OSUN": 0.5605632472397981,
    "AFRO:NIGERIA:OYO": 0.06482630707784742,
    "AFRO:NIGERIA:PLATEAU": -0.3685077350736352,
    "AFRO:NIGERIA:RIVERS": 0.7358796431834791,
    "AFRO:NIGERIA:SOKOTO": -0.6620547882440004,
    "AFRO:NIGERIA:TARABA": 0.1401098214662635,
    "AFRO:NIGERIA:YOBE": -0.8981233934129389,
    "AFRO:NIGERIA:ZAMFARA": -0.624935385750389
}